course_id,course_code,course_name,professor_id,dept_id,credit_hours,course_description
0,CS101,Introduction to Computer Science,4656,0,4,"An introduction to the fundamental concepts and techniques of computer science, including problem-solving strategies, algorithm design and analysis, basic data structures, and an introduction to programming in a high-level language. Students will gain experience writing small programs."
1,CS201,Data Structures and Algorithms,305,0,4,"A comprehensive introduction to algorithms and data structures in computer science. Topics include trees, graphs, hash tables, sorting and searching algorithms, and algorithm design techniques. Programming assignments and projects will be an important component of the course."
2,CS303,Data Management and Analysis,1659,0,4,"An introduction to database management systems and the underlying theory and design principles. Topics include relational database theory, SQL, transaction processing, and database design. Students will gain hands-on experience designing and implementing databases."
3,CS325,Computer Networks,305,0,4,"An introduction to computer networks, including network architecture, protocols, and services. Topics include the OSI model, TCP/IP, routing, and wireless networks. Students will gain hands-on experience configuring and troubleshooting networks."
4,CS345,Artificial Intelligence,2524,0,4,"A survey of the theory and practice of artificial intelligence, including expert systems, natural language processing, and machine learning. Topics include knowledge representation, search algorithms, neural networks, and genetic algorithms. Students will gain hands-on experience implementing AI algorithms."
5,CS401,Operating Systems,305,0,4,"An introduction to the principles and design of operating systems. Topics include process management, memory management, file systems, and I/O. Students will gain hands-on experience implementing a simple operating system kernel."
6,CS402,Machine Learning,2524,0,4,"An introduction to the principles and techniques of machine learning, including supervised and unsupervised learning, reinforcement learning, and deep learning. Topics include classification, regression, and clustering. Students will gain hands-on experience implementing machine learning algorithms."
7,CS405,Distributed Systems,1911,0,4,"An introduction to the principles and design of distributed systems, including distributed file systems, distributed databases, and distributed algorithms. Topics include communication protocols, distributed concurrency control, and fault tolerance. Students will gain hands-on experience implementing distributed systems."
8,CS411,Computer Architecture,1521,0,4,"An introduction to the principles of computer architecture, including instruction set design, pipelining, and memory hierarchy. Topics include performance analysis, cache coherence, and parallelism. Students will gain hands-on experience designing and implementing a simple processor."
9,CS415,Computer Graphics,1909,0,4,"An introduction to the principles and techniques of computer graphics, including 2D and 3D graphics, animation, and rendering. Topics include graphics hardware, geometric modeling, and image processing. Students will gain hands-on experience implementing graphics algorithms."
10,CSCI 390,Computer Systems and Assembly Language Programming,1911,0,4,"Design and implementation of computer systems and their assembly language programming. Topics include number systems, data representation, machine-level operations on data, basic processor architecture, memory hierarchy, input/output, and interrupts."
11,CSCI 420,Advanced Algorithms,813,0,4,"In-depth study of advanced algorithms and their applications. Topics include algorithm design techniques, graph algorithms, dynamic programming, linear programming, randomized algorithms, and NP-completeness."
12,CSCI 426,Computer Security,64,0,4,"Introduction to computer security concepts and techniques. Topics include access control, authentication, security models, network security, viruses and other malicious code, cryptography, and security protocols."
13,CSCI 465,Parallel and Distributed Computing,64,0,4,"Introduction to parallel and distributed computing and their applications. Topics include parallel algorithms, distributed algorithms, synchronization, message passing, and parallel programming paradigms."
14,CSCI 470,Software Engineering,2524,0,4,"Introduction to software engineering concepts and techniques. Topics include software development processes, requirements engineering, software design and architecture, testing, and project management."
15,CSCI 480,Computer Game Design,305,0,4,"Introduction to computer game design and development. Topics include game mechanics, game engines, level design, user interface design, artificial intelligence, and multiplayer game development."
16,EE101,Introduction to Electrical Engineering,2401,1,4,"An introduction to electrical engineering, including basic circuit analysis, digital logic, and electronics. Emphasis is placed on problem solving and design."
17,EE201,Circuit Analysis,214,1,4,"Analysis of linear circuits using Ohm's law, Kirchhoff's laws, and circuit theorems. Includes network theorems, AC analysis, and frequency response."
18,EE301,Electronics,2755,1,4,"Introduction to electronic devices and circuits. Topics include diodes, transistors, and amplifiers. Analysis and design of basic circuits are also covered."
19,EE401,Digital Signal Processing,3814,1,4,"Introduction to digital signal processing. Topics include sampling, quantization, filtering, and the discrete Fourier transform. Applications to audio and image processing are also covered."
20,EE501,Control Systems,1467,1,4,"An introduction to control systems, including modeling, analysis, and design. Topics include Laplace transforms, frequency response, and feedback control."
21,EE601,Power Systems,2755,1,4,"Introduction to electric power systems, including generation, transmission, and distribution. Topics include power system analysis, stability, and control."
22,EE701,Electric Machines,2755,1,4,"An introduction to electric machines, including DC and AC motors and generators. Topics include machine principles, analysis, and design."
23,EE801,Renewable Energy Systems,2124,1,4,"Introduction to renewable energy systems, including solar, wind, and hydroelectric power. Topics include energy conversion, system design, and integration with the power grid."
24,EE901,Advanced Topics in Electrical Engineering,2123,1,4,An in-depth study of advanced topics in electrical engineering. Specific topics vary by semester.
25,EE902,Advanced Topics in Power Systems,214,1,4,An in-depth study of advanced topics in power systems. Specific topics vary by semester.
26,EE903,Advanced Topics in Control Systems,2755,1,4,An in-depth study of advanced topics in control systems. Specific topics vary by semester.
27,EE904,Advanced Topics in Digital Signal Processing,2755,1,4,An in-depth study of advanced topics in digital signal processing. Specific topics vary by semester.
28,EE905,Advanced Topics in Electronics,1467,1,4,An in-depth study of advanced topics in electronics. Specific topics vary by semester.
29,ME101,Engineering Mechanics,3390,2,4,"Introduction to engineering mechanics, statics and dynamics of particles and rigid bodies"
30,ME201,Mechanics of Materials,2230,2,4,"Deformation and stress analysis of members subjected to axial loads, torsion, bending and combined loads"
31,ME301,Thermodynamics,3390,2,4,"Basic concepts and principles of thermodynamics, first and second laws, entropy, applications to engineering systems"
32,ME401,Fluid Mechanics,3390,2,4,"Fluid statics, fluid dynamics, conservation of mass, energy and momentum, applications to engineering systems"
33,ME501,Heat Transfer,2230,2,4,"Modes of heat transfer, steady and unsteady state conduction, convection, radiation, heat exchangers"
34,ME601,Materials Science,1778,2,4,"Atomic structure, crystallography, defects in solids, mechanical properties of materials"
35,ME701,Manufacturing Processes,1778,2,4,"Fundamentals of manufacturing processes, casting, welding, forming and machining"
36,ME801,Control Systems,3390,2,4,"Modeling and analysis of dynamic systems, feedback control, stability, transient and steady state response"
37,ME901,Mechanical Design,1778,2,4,"Design of mechanical components, stress analysis, fatigue, fracture mechanics"
38,ME1001,Robotics,2230,2,4,"Introduction to robotics, robot kinematics, dynamics, and control"
39,ME1101,Finite Element Analysis,2230,2,4,"Introduction to finite element method, modeling and analysis of solids, structures and heat transfer problems"
40,ME1201,Mechatronics,1846,2,4,"Integration of mechanical, electrical, and computer systems, sensors, actuators, and control systems"
41,ME1301,Power Generation and Distribution,2230,2,4,"Generation of electricity, power plant systems, transmission and distribution of electrical power"
42,ME1401,Automotive Engineering,3390,2,4,"Design and analysis of automotive systems, powertrains, suspension, brakes, and chassis"
43,ME 016,Introduction to Robotics,2230,2,4,"Introduction to principles and applications of robotics, kinematics, dynamics, sensors, actuators, and control systems."
44,ME 017,Computational Fluid Dynamics,1778,2,4,"Introduction to numerical methods for solving fluid mechanics problems, including turbulence, heat transfer, and multiphase flows."
45,ME 018,Smart Materials and Structures,1666,2,4,"Introduction to materials with unique properties, such as shape memory alloys, piezoelectric materials, and magnetostrictive materials, and their applications in sensors, actuators, and smart structures."
46,ME 019,Advanced Manufacturing Processes,1778,2,4,"Overview of advanced manufacturing processes, such as laser machining, ultrasonic machining, electrochemical machining, and additive manufacturing."
47,ME 020,Energy Systems and Sustainability,1666,2,4,"Introduction to renewable and non-renewable energy sources, energy conversion and storage systems, energy policies, and sustainable development."
48,ME 021,Microscale and Nanoscale Engineering,2230,2,4,"Introduction to microfabrication and nanofabrication techniques, MEMS/NEMS devices, and their applications in biomedical, optical, and communication systems."
49,ME 022,Nonlinear Dynamics and Chaos,2617,2,4,"Introduction to nonlinear systems, chaos theory, and their applications in mechanical systems, including vibrations, bifurcations, and synchronization."
50,ME 023,Microfluidics and BioMEMS,2358,2,4,"Introduction to microfluidics, microfabrication, and bioMEMS devices, and their applications in biological and medical systems."
51,ME 024,Structural Health Monitoring,2358,2,4,"Introduction to structural health monitoring techniques, such as acoustic emission, guided waves, and ultrasonics, and their applications in aerospace, civil, and mechanical systems."
52,ME 025,Advanced Topics in Heat Transfer,3390,2,4,"Advanced topics in heat transfer, including conduction, convection, radiation, and mass transfer, and their applications in energy and environmental systems."
53,ME 026,Advanced Topics in Mechanics of Materials,2617,2,4,"Advanced topics in mechanics of materials, including stress concentration, fracture mechanics, fatigue, and creep, and their applications in design and failure analysis."
54,BIOL101,Introduction to Biology,3827,3,4,"An introduction to the study of living organisms, including the basic principles of cell biology, genetics, and evolution"
55,BIOL201,Anatomy and Physiology,3827,3,4,"A study of the structure and function of the human body, including the major organ systems and their interactions"
56,BIOL301,Ecology,4299,3,4,"An examination of the interactions between organisms and their environment, including the study of ecosystems, biomes, and population dynamics"
57,BIOL401,Genetics,303,3,4,"The study of inheritance and variation in organisms, including the molecular basis of inheritance and genetic engineering"
58,BIOL501,Microbiology,303,3,4,"An introduction to the study of microorganisms, including bacteria, viruses, and fungi, and their roles in health and disease"
59,BIOL601,Biochemistry,1921,3,4,"A study of the chemical processes and reactions that occur in living organisms, including the structure and function of proteins, nucleic acids, and carbohydrates"
60,BIOL701,Cell Biology,2450,3,4,"An examination of the structure and function of cells, including the molecular mechanisms of cell division, signaling, and differentiation"
61,BIOL801,Immunology,2491,3,4,"An introduction to the study of the immune system, including the molecular basis of immunity, immune responses to pathogens, and the role of the immune system in disease"
62,BIOL901,Neuroscience,1245,3,4,"An overview of the structure and function of the nervous system, including the study of neural development, sensory systems, and cognitive processes"
63,BIOL1001,Evolution,303,3,4,"An examination of the processes and mechanisms of biological evolution, including the history of life on Earth, patterns of biodiversity, and the origin of species"
64,BIOL1101,Marine Biology,3827,3,4,"A study of the diversity and ecology of marine organisms, including the adaptations of marine life to the challenges of living in the ocean"
65,BIOL1201,Plant Biology,2450,3,4,"An examination of the structure, function, and evolution of plants, including the study of plant growth and development, reproduction, and response to environmental stresses"
66,CHEM101,General Chemistry I,3508,4,4,"Introduction to the fundamental principles of chemistry including atomic structure, chemical bonding, stoichiometry, thermochemistry, gases, and solutions."
67,CHEM102,General Chemistry II,2979,4,4,"Continuation of General Chemistry I with topics including chemical equilibrium, acid-base chemistry, solubility, kinetics, thermodynamics, and electrochemistry."
68,CHEM201,Organic Chemistry I,1271,4,4,"Introduction to the structure, properties, and reactions of organic molecules, including nomenclature, stereochemistry, and functional group chemistry."
69,CHEM202,Organic Chemistry II,1784,4,4,"Continuation of Organic Chemistry I with topics including reaction mechanisms, synthesis, spectroscopy, and the chemistry of carbonyl compounds, amines, and carboxylic acids."
70,CHEM301,Physical Chemistry I,4179,4,4,"Introduction to the principles of thermodynamics, kinetics, and quantum mechanics as applied to chemical systems, with a focus on gas-phase and solution-phase phenomena."
71,CHEM302,Physical Chemistry II,2429,4,4,"Continuation of Physical Chemistry I with topics including chemical kinetics, statistical thermodynamics, electrochemistry, and molecular spectroscopy."
72,CHEM401,Inorganic Chemistry,1749,4,4,"Survey of the structure, bonding, and reactivity of inorganic compounds, with emphasis on main-group and transition-metal chemistry."
73,CHEM402,Biochemistry,3508,4,4,"Introduction to the chemistry of biological molecules including proteins, nucleic acids, carbohydrates, and lipids, with an emphasis on their structures and functions in living systems."
74,CHEM403,Analytical Chemistry,1784,4,4,"Introduction to the theory and practice of analytical chemistry, with topics including statistical analysis, gravimetric and volumetric analysis, electrochemistry, chromatography, and spectroscopy."
75,CHEM404,Environmental Chemistry,4179,4,4,"Survey of the chemical processes that occur in natural and engineered systems, with an emphasis on the impact of human activities on the environment and the chemistry of pollutants and their remediation."
76,CHEM501,Advanced Organic Chemistry,3212,4,4,"Advanced topics in organic chemistry, including reaction mechanisms, stereochemistry, synthesis, and the chemistry of natural products."
77,PHYS101,Introduction to Mechanics,2384,5,4,"An introduction to the principles of mechanics, including kinematics, dynamics, and statics."
78,PHYS102,Introduction to Electromagnetism and Waves,2384,5,4,"An introduction to the principles of electromagnetism, including electrostatics, magnetostatics, and electromagnetic waves."
79,PHYS201,Classical Mechanics,2384,5,4,"A study of the principles of classical mechanics, including Newton's laws of motion, the conservation laws, and the kinematics and dynamics of particles and rigid bodies."
80,PHYS202,Electricity and Magnetism,2934,5,4,"A study of the principles of electricity and magnetism, including electrostatics, magnetostatics, and electromagnetic waves."
81,PHYS301,Thermal Physics,4485,5,4,"A study of the principles of thermodynamics and statistical mechanics, including the laws of thermodynamics, the kinetic theory of gases, and the statistical basis of thermodynamics."
82,PHYS302,Modern Physics,2384,5,4,"A study of the principles of modern physics, including special relativity, quantum mechanics, atomic physics, and nuclear physics."
83,PHYS401,Quantum Mechanics,2393,5,4,"A study of the principles of quantum mechanics, including the Schrodinger equation, the uncertainty principle, and the quantum theory of the hydrogen atom."
84,PHYS402,Electromagnetic Theory,296,5,4,"A study of the principles of electromagnetic theory, including Maxwell's equations, electromagnetic waves, and the electromagnetic properties of matter."
85,PHYS501,Statistical Mechanics,2393,5,4,"A study of the principles of statistical mechanics, including the statistical basis of thermodynamics, the kinetic theory of gases, and the statistical basis of thermodynamics."
86,PHYS502,Condensed Matter Physics,3338,5,4,"A study of the principles of condensed matter physics, including the properties of solids, liquids, and amorphous materials."
87,PHYS601,Particle Physics,2604,5,4,"A study of the principles of particle physics, including the properties of elementary particles and the forces that govern their interactions."
88,PHYS602,Astrophysics,2934,5,4,"A study of the principles of astrophysics, including the properties of stars, galaxies, and the universe as a whole."
89,PHYS701,General Relativity,2934,5,4,"A study of the principles of general relativity, including the equivalence principle, the Schwarzschild metric, and the Einstein field equations."
90,PHYS702,Cosmology,2604,5,4,"A study of the principles of cosmology, including the Big Bang theory, the expansion of the universe, and the cosmic microwave background."
91,PHYS801,Nuclear Physics,296,5,4,"A study of the principles of nuclear physics, including nuclear structure, nuclear reactions, and the properties of nuclei."
92,PSYCH 101,Introduction to Psychology,3381,6,3,"An introduction to the scientific study of human behavior and mental processes, including the study of perception, learning, memory, cognition, motivation, emotion, personality, social behavior, and psychological disorders."
93,PSYCH 210,Developmental Psychology,3010,6,3,"A study of the psychological development of the individual from conception through old age, including the study of physical, cognitive, social, and emotional development."
94,PSYCH 220,Social Psychology,4398,6,3,"A study of the influence of social factors on individual behavior, including the study of social perception, social cognition, attitudes, conformity, persuasion, group behavior, aggression, and interpersonal attraction."
95,PSYCH 230,Abnormal Psychology,2317,6,3,"A study of the nature and causes of psychological disorders, including the study of anxiety disorders, mood disorders, schizophrenia, personality disorders, and organic mental disorders."
96,PSYCH 240,Cognitive Psychology,1709,6,3,"A study of the mental processes involved in perception, learning, memory, and reasoning."
97,PSYCH 250,Personality Psychology,2898,6,3,"A study of the nature of personality, including the study of personality traits, personality development, and personality assessment."
98,PSYCH 260,Psychology of Learning,589,6,3,"A study of the principles of learning, including classical conditioning, operant conditioning, and observational learning."
99,PSYCH 270,Biological Psychology,1533,6,3,"A study of the biological basis of behavior, including the study of the nervous system, sensation and perception, motivation and emotion, and the effects of drugs on behavior."
100,PSYCH 280,Sensation and Perception,4398,6,3,"A study of the sensory and perceptual processes, including the study of vision, hearing, taste, smell, and touch."
101,PSYCH 310,Research Methods in Psychology,2489,6,3,"A study of the methods used in psychological research, including the study of experimental design, data analysis, and the interpretation of research results."
102,PSYCH 330,Cross-Cultural Psychology,3415,6,3,"A study of the influence of culture on human behavior, including the study of cultural norms, cultural values, and cultural beliefs."
103,PSYCH 340,Psychology and the Law,2317,6,3,"A study of the application of psychological principles to the legal system, including the study of eyewitness testimony, jury decision making, and the insanity defense."
104,PSYCH 350,Human Neuropsychology,4954,6,3,"A study of the relationship between brain function and behavior, including the study of the effects of brain damage on behavior."
105,PSYCH 360,Psychology of Emotion,3415,6,3,"A study of the nature of emotion, including the study of the physiological, cognitive, and behavioral aspects of emotion."
106,MATH101,Calculus I,563,7,4,"A study of the principles of calculus, including the study of limits, derivatives, and integrals."
107,MATH102,Calculus II,3717,7,4,"A study of the principles of calculus, including the study of limits, derivatives, and integrals."
108,MATH201,Multivariable Calculus,561,7,4,"A study of the principles of calculus, including the study of limits, derivatives, and integrals."
109,MATH202,Differential Equations,1225,7,4,"A study of the principles of calculus, including the study of limits, derivatives, and integrals."
110,MATH301,Abstract Algebra,563,7,3,"A study of the principles of abstract algebra, including the study of groups, rings, and fields."
111,MATH302,Real Analysis I,3717,7,3,"A study of the principles of real analysis, including the study of limits, continuity, and differentiability."
112,MATH303,Real Analysis II,2443,7,3,"A study of the principles of real analysis, including the study of limits, continuity, and differentiability."
113,MATH401,Complex Analysis,1459,7,3,"A study of the principles of complex analysis, including the study of complex numbers, complex functions, and complex integration."
114,MATH402,Topology,1608,7,3,"A study of the principles of topology, including the study of topological spaces, topological properties, and topological structures."
115,MATH403,Number Theory,4475,7,3,"A study of the principles of number theory, including the study of prime numbers, congruences, and quadratic reciprocity."
116,MATH501,Probability Theory,2725,7,3,"A study of the principles of probability theory, including the study of random variables, probability distributions, and statistical inference."
117,MATH502,Mathematical Statistics,3717,7,3,"A study of the principles of mathematical statistics, including the study of statistical inference, hypothesis testing, and regression analysis."
118,MATH503,Stochastic Processes,2725,7,3,"A study of the principles of stochastic processes, including the study of Markov chains, Poisson processes, and Brownian motion."
119,MATH601,Partial Differential Equations,2804,7,3,"A study of the principles of partial differential equations, including the study of boundary value problems, Fourier series, and Laplace transforms."
120,MATH602,Numerical Analysis,362,7,3,"A study of the principles of numerical analysis, including the study of numerical methods, numerical approximation, and numerical algorithms."
121,MATH603,Mathematical Modeling,2477,7,3,"A study of the principles of mathematical modeling, including the study of mathematical models, mathematical optimization, and mathematical simulation."
122,MATH701,Algebraic Geometry,2725,7,3,"A study of the principles of algebraic geometry, including the study of algebraic varieties, algebraic curves, and algebraic surfaces."
123,MATH702,Differential Geometry,563,7,3,"A study of the principles of differential geometry, including the study of manifolds, Riemannian geometry, and symplectic geometry."
124,MATH703,Lie Groups and Lie Algebras,967,7,3,"A study of the principles of Lie groups and Lie algebras, including the study of Lie groups, Lie algebras, and Lie group representations."
125,MATH801,Combinatorics,1225,7,3,"A study of the principles of combinatorics, including the study of enumeration, graph theory, and combinatorial optimization."
126,STAT 101,Introduction to Statistics,2535,8,3,"A study of the principles of statistics, including the study of descriptive statistics, probability, and statistical inference."
127,STAT 200,Intermediate Statistics,2599,8,3,"A study of the principles of statistics, including the study of descriptive statistics, probability, and statistical inference."
128,STAT 300,Advanced Statistics,3822,8,3,"A study of the principles of statistics, including the study of descriptive statistics, probability, and statistical inference."
129,STAT 401,Regression Analysis,336,8,3,"A study of the principles of regression analysis, including the study of linear regression, multiple regression, and logistic regression."
130,STAT 405,Statistical Inference,1834,8,3,"A study of the principles of statistical inference, including the study of hypothesis testing, confidence intervals, and analysis of variance."
131,STAT 410,Applied Time Series Analysis,1639,8,3,"A study of the principles of time series analysis, including the study of time series models, time series forecasting, and time series regression."
132,STAT 415,Probability Theory,2568,8,3,"A study of the principles of probability theory, including the study of random variables, probability distributions, and statistical inference."
133,STAT 420,Applied Multivariate Analysis,3822,8,3,"A study of the principles of multivariate analysis, including the study of multivariate regression, multivariate analysis of variance, and principal components analysis."
134,STAT 425,Bayesian Statistics,147,8,3,"A study of the principles of Bayesian statistics, including the study of Bayesian inference, Bayesian decision theory, and Bayesian regression."
135,STAT 430,Nonparametric Statistics,2599,8,3,"A study of the principles of nonparametric statistics, including the study of nonparametric inference, nonparametric regression, and nonparametric analysis of variance."
136,STAT 435,Experimental Design,3822,8,3,"A study of the principles of experimental design, including the study of factorial design, fractional factorial design, and response surface design."
137,STAT 440,Statistical Learning,1639,8,3,"A study of the principles of statistical learning, including the study of supervised learning, unsupervised learning, and reinforcement learning."
138,STAT 450,Sampling Theory,3822,8,3,"A study of the principles of sampling theory, including the study of simple random sampling, stratified random sampling, and cluster sampling."
139,STAT 455,Applied Categorical Data Analysis,4418,8,3,"A study of the principles of categorical data analysis, including the study of contingency tables, logistic regression, and loglinear models."
140,STAT 460,Survival Analysis,3740,8,3,"A study of the principles of survival analysis, including the study of survival models, survival regression, and survival trees."
141,STAT 465,Time Series Analysis,3740,8,3,"A study of the principles of time series analysis, including the study of time series models, time series forecasting, and time series regression."
142,STAT 470,Statistical Computing,336,8,3,"A study of the principles of statistical computing, including the study of numerical analysis, optimization, and simulation."
143,STAT 475,Sampling and Survey Design,2568,8,3,"A study of the principles of sampling and survey design, including the study of simple random sampling, stratified random sampling, and cluster sampling."
144,STAT 480,Data Mining,2599,8,3,"A study of the principles of data mining, including the study of data preprocessing, data mining algorithms, and data mining applications."
145,STAT 485,Big Data Analytics,4418,8,3,"A study of the principles of big data analytics, including the study of data preprocessing, data mining algorithms, and data mining applications."
146,STAT 490,Special Topics in Statistics,1834,8,3,"A study of selected topics in statistics, including the study of advanced topics in statistics."
147,STAT 495,Capstone Project in Statistics,2568,8,3,"A study of the principles of statistics, including the study of statistical inference, statistical modeling, and statistical computing."
148,STAT 499,Independent Study in Statistics,2599,8,3,"A study of selected topics in statistics, including the study of advanced topics in statistics."
149,ECON101,Principles of Microeconomics,271,9,3,"An introduction to the basic principles of microeconomics, including supply and demand, market equilibrium, consumer and producer theory, and market structures."
150,ECON102,Principles of Macroeconomics,2950,9,3,"An introduction to the basic principles of macroeconomics, including national income accounting, inflation, unemployment, economic growth, money and banking, and monetary and fiscal policies."
151,ECON201,Intermediate Microeconomics,271,9,3,"A deeper analysis of consumer and producer behavior, market equilibrium, and welfare economics. Also includes game theory, externalities, public goods, and market failure."
152,ECON202,Intermediate Macroeconomics,4167,9,3,"A deeper analysis of economic growth, business cycles, money and banking, and macroeconomic policy. Also covers international macroeconomics and open economy macroeconomics."
153,ECON301,Econometrics,4968,9,3,"An introduction to statistical methods used in economic analysis, including regression analysis, hypothesis testing, and model selection. Also covers time series analysis and panel data analysis."
154,ECON302,Applied Econometrics,1273,9,3,"A practical application of econometric methods to economic data. Topics include program evaluation, causal inference, and forecasting."
155,ECON401,Labor Economics,3110,9,3,"An analysis of labor markets and labor market outcomes, including wage determination, human capital investment, discrimination, and labor market institutions."
156,ECON402,Public Economics,1273,9,3,"An analysis of government policies and their effects on economic outcomes, including taxation, public goods, externalities, and social insurance programs."
157,ECON403,International Trade,4167,9,3,"An analysis of international trade patterns, the gains from trade, and the effects of trade policies such as tariffs and quotas. Also covers the role of multinational corporations and trade agreements."
158,ECON404,International Finance,3110,9,3,"An analysis of international financial markets and the determinants of exchange rates. Also covers the balance of payments, international capital flows, and the effects of macroeconomic policies on the international economy."
159,ECON405,Development Economics,2950,9,3,"An analysis of economic development and growth in low-income countries, including poverty, inequality, education, health, and institutions. Also covers the role of international aid and development policies."
160,FIN 301,Financial Management,4762,10,3,"Introduction to financial management, financial statement analysis, time value of money, risk and return, capital budgeting, cost of capital, and capital structure."
161,FIN 302,Investment Analysis,4359,10,3,"Analysis of investment alternatives, portfolio theory and management, security valuation, and capital market theory."
162,FIN 303,Derivatives,4501,10,3,"Introduction to financial derivatives, including options, futures, and swaps. Analysis of risk management, hedging, and arbitrage strategies using derivatives."
163,FIN 304,International Finance,2837,10,3,"Overview of international financial markets, including foreign exchange markets, international money and capital markets, and international financial institutions. Analysis of international investment and financing decisions, international risk management, and international financial regulations."
164,FIN 305,Financial Institutions and Markets,4762,10,3,"Overview of financial institutions and markets, including commercial banks, investment banks, mutual funds, insurance companies, and pension funds. Analysis of financial intermediation, market efficiency, and the role of financial institutions in the economy."
165,FIN 306,Behavioral Finance,2837,10,3,"Introduction to behavioral finance, including cognitive and emotional biases, decision-making heuristics, and prospect theory. Analysis of the implications of behavioral finance for investment decisions, financial markets, and corporate finance."
166,MKTG101,Principles of Marketing,3592,11,3,"An introduction to the basic principles of marketing, including product, price, promotion, and distribution. Also covers marketing research, consumer behavior, and marketing strategy."
167,MKTG201,Consumer Behavior,927,11,3,"An analysis of consumer behavior, including consumer decision-making, consumer attitudes, and consumer research. Also covers the role of culture, social class, and reference groups in consumer behavior."
168,MKTG301,Marketing Research,2789,11,3,"An introduction to marketing research, including research design, data collection, and data analysis. Also covers the use of marketing research in marketing strategy and decision-making."
169,MKTG401,Digital Marketing,3592,11,3,"An introduction to digital marketing, including social media marketing, search engine optimization, and online advertising. Also covers the use of digital marketing in marketing strategy and decision-making."
170,MKTG501,Marketing Analytics,2789,11,3,"An introduction to marketing analytics, including data analysis, data visualization, and data-driven decision-making. Also covers the use of marketing analytics in marketing strategy and decision-making."
171,MKTG601,Product Management,2789,11,3,"An introduction to product management, including product development, product launch, and product life cycle management. Also covers the use of product management in marketing strategy and decision-making."
172,MKTG701,Integrated Marketing Communications,3592,11,3,"An introduction to integrated marketing communications, including advertising, public relations, and sales promotion. Also covers the use of integrated marketing communications in marketing strategy and decision-making."
173,MKTG801,Brand Management,3592,11,3,"An introduction to brand management, including brand positioning, brand equity, and brand extension. Also covers the use of brand management in marketing strategy and decision-making."
174,MKTG901,Retailing,2306,11,3,"An introduction to retailing, including retail strategy, retail location, and retail management. Also covers the use of retailing in marketing strategy and decision-making."
175,MKTG1001,Global Marketing,160,11,3,"An introduction to global marketing, including international marketing, multinational marketing, and global marketing strategy. Also covers the use of global marketing in marketing strategy and decision-making."
176,MKTG1101,Marketing Strategy,2776,11,3,"An introduction to marketing strategy, including marketing planning, marketing implementation, and marketing control. Also covers the use of marketing strategy in marketing strategy and decision-making."
177,MKTG1201,Service Marketing,2789,11,3,"An introduction to service marketing, including service quality, service design, and service delivery. Also covers the use of service marketing in marketing strategy and decision-making."
178,MKTG1301,Social Media Marketing,4962,11,3,"An introduction to social media marketing, including social media strategy, social media analytics, and social media advertising. Also covers the use of social media marketing in marketing strategy and decision-making."
179,MGMT 101,Introduction to Management,3282,12,3,"Introduction to the principles and practices of management, including planning, organizing, leading, and controlling."
180,MGMT 201,Organizational Behavior,2480,12,3,"Analysis of individual and group behavior within organizations, including motivation, communication, leadership, and group dynamics."
181,MGMT 301,Operations Management,2480,12,3,"Introduction to the design, operation, and improvement of production systems, including supply chain management, quality control, and inventory management."
182,MGMT 401,Strategic Management,3037,12,3,"Introduction to the strategic planning process, including analysis of the internal and external environment, formulation of strategies, and implementation of plans."
183,MGMT 501,Human Resource Management,2480,12,3,"Introduction to the management of human resources, including recruitment, selection, training, performance appraisal, and compensation."
184,MGMT 601,International Management,4629,12,3,"Introduction to the management of international businesses, including the cultural, legal, and economic issues involved in global operations."
185,MGMT 701,Entrepreneurship,2659,12,3,"Introduction to the process of starting and managing a new business, including identifying opportunities, developing a business plan, and raising capital."
186,MGMT 801,Leadership,3304,12,3,"Introduction to the theories and practices of leadership, including situational leadership, transformational leadership, and ethical leadership."
187,MGMT 901,Management Information Systems,3037,12,3,"Introduction to the use of information technology in managing organizations, including database management, decision support systems, and e-commerce."
188,POLI-101,Introduction to Political Science,4531,13,3,"An introduction to the study of politics, including political theory, comparative politics, and international relations."
189,POLI-201,Comparative Politics,3591,13,3,"An introduction to comparative politics, including political systems, political culture, and political economy."
190,POLI-301,International Relations,4641,13,3,"An introduction to international relations, including international security, international political economy, and international organizations."
191,POLI-401,Political Theory,4641,13,3,"An introduction to political theory, including liberalism, conservatism, and socialism."
192,POLI-501,American Government and Politics,1483,13,3,"An introduction to American government and politics, including the Constitution, Congress, and the Presidency."
193,POLI-601,Public Policy,764,13,3,"An introduction to public policy, including policy analysis, policy implementation, and policy evaluation."
194,POLI-701,Political Communication,764,13,3,"An introduction to political communication, including political advertising, political campaigns, and political journalism."
195,POLI-801,Elections and Voting Behavior,919,13,3,"An introduction to elections and voting behavior, including voting behavior, electoral systems, and electoral reform."
196,POLI-901,Political Psychology,919,13,3,"An introduction to political psychology, including political socialization, political attitudes, and political participation."
197,POLI-1001,Environmental Politics,199,13,3,"An introduction to environmental politics, including environmental policy, environmental law, and environmental ethics."
198,POLI-1101,Middle Eastern Politics,199,13,3,"An introduction to Middle Eastern politics, including the Arab-Israeli conflict, the Iranian Revolution, and the Arab Spring."
199,POLI-1201,Latin American Politics,2690,13,3,"An introduction to Latin American politics, including the Cuban Revolution, the Mexican drug war, and the Venezuelan crisis."
200,HIST101,Introduction to World History,4119,14,3,"An introduction to world history from ancient civilizations to the modern era, emphasizing the interactions between different regions and cultures."
201,HIST201,United States History to 1877,2206,14,3,"A survey of United States history from pre-contact through the Civil War era, with an emphasis on political, social, economic, and cultural developments."
202,HIST202,United States History since 1877,4693,14,3,"A survey of United States history from the end of the Civil War era to the present, with an emphasis on political, social, economic, and cultural developments."
203,HIST301,Ancient Mediterranean World,4563,14,3,"A study of the ancient civilizations of the Mediterranean world, including the Greeks, Romans, and their contemporaries, with an emphasis on political, social, economic, and cultural developments."
204,HIST302,Medieval Europe,2033,14,3,"A study of European history from the fall of Rome to the Renaissance, with an emphasis on political, social, economic, and cultural developments."
205,HIST401,Modern Europe,1551,14,3,"A study of European history from the Renaissance to the present, with an emphasis on political, social, economic, and cultural developments."
206,HIST402,History of Science and Technology,4563,14,3,"An examination of the history of science and technology from ancient times to the present, with an emphasis on the interaction between science, technology, and society."
207,HIST501,East Asian History,4168,14,3,"A survey of the history of East Asia, including China, Japan, and Korea, from ancient times to the present, with an emphasis on political, social, economic, and cultural developments."
208,HIST502,Latin American History,2033,14,3,"A survey of the history of Latin America from pre-contact to the present, with an emphasis on political, social, economic, and cultural developments."
209,HIST601,African History,4087,14,3,"A survey of the history of Africa from ancient times to the present, with an emphasis on political, social, economic, and cultural developments."
210,ENG101,Introduction to Literature,2320,15,3,"This course is an introduction to literature, including poetry, drama, and fiction, with an emphasis on critical reading and analysis."
211,ENG102,Composition and Rhetoric,2320,15,3,"This course focuses on the development of effective writing skills through the study of rhetorical principles, including analysis of audience, purpose, and context."
212,ENG201,British Literature I,538,15,3,"This course is a survey of British literature from the Middle Ages to the 18th century, including works by Chaucer, Shakespeare, and Milton."
213,ENG202,British Literature II,1780,15,3,"This course is a survey of British literature from the Romantic period to the present day, including works by Wordsworth, Keats, Woolf, and others."
214,ENG301,American Literature I,1789,15,3,"This course is a survey of American literature from the colonial period to the Civil War, including works by Poe, Hawthorne, and Whitman."
215,ENG302,American Literature II,3939,15,3,"This course is a survey of American literature from the late 19th century to the present day, including works by Twain, Fitzgerald, Morrison, and others."
216,ENG401,Shakespeare,609,15,3,"This course is an in-depth study of the plays of William Shakespeare, with an emphasis on critical analysis and interpretation."
217,ENG402,Creative Writing,832,15,3,"This course is an introduction to the craft of creative writing, including poetry, fiction, and non-fiction, with an emphasis on workshop-style critique and revision."
218,ENG501,Literary Theory and Criticism,609,15,3,"This course explores the major theories and methods of literary criticism, including formalism, structuralism, post-structuralism, and feminism."
219,ENG502,Contemporary Literature,1954,15,3,"This course is a study of contemporary literature, including works by authors from diverse backgrounds and perspectives."
220,ENG601,World Literature I,538,15,3,"This course is a survey of literature from around the world, including works by authors from Asia, Africa, and Europe."
221,ENG602,World Literature II,538,15,3,"This course is a survey of literature from around the world, including works by authors from Latin America, the Middle East, and beyond."
222,PHIL101,Introduction to Philosophy,2888,16,3,"An introduction to the methods, issues, and concepts of philosophy, including metaphysics, epistemology, ethics, and logic."
223,PHIL201,Ancient Philosophy,4712,16,3,"An examination of ancient Greek and Roman philosophical traditions, including the works of Plato, Aristotle, and the Stoics."
224,PHIL202,Medieval Philosophy,4712,16,3,"An exploration of the major philosophical traditions of the Middle Ages, including Scholasticism and the works of Thomas Aquinas."
225,PHIL301,Modern Philosophy,378,16,3,"A study of the major philosophical movements of the modern era, including empiricism, rationalism, and existentialism."
226,PHIL302,Contemporary Philosophy,2888,16,3,"An examination of recent developments in philosophy, including postmodernism, feminism, and multiculturalism."
227,PHIL401,Ethics,3629,16,3,"An investigation of ethical theories and principles, including virtue ethics, consequentialism, and deontology."
228,PHIL402,Philosophy of Science,378,16,3,"An analysis of the philosophical foundations of scientific knowledge and inquiry, including the nature of scientific explanation and the role of scientific theories."
229,PHIL501,Epistemology,2888,16,3,"A study of the nature, sources, and limits of knowledge, including skepticism, empiricism, and rationalism."
230,PHIL502,Philosophy of Religion,3749,16,3,"An examination of the philosophical issues surrounding religion, including the existence of God, the nature of religious experience, and the problem of evil."
231,PHIL601,Political Philosophy,378,16,3,"An analysis of the philosophical foundations of political thought and practice, including social contract theory, democracy, and justice."
232,PHIL602,Philosophy of Mind,4712,16,3,"A study of the nature of consciousness, mental processes, and the relationship between the mind and the body."
233,SOC101,Introduction to Sociology,3131,17,3,"This course provides an introduction to the basic concepts and principles of sociology, including culture, socialization, social structure, inequality, and social change."
234,SOC201,Social Theory,2216,17,3,"This course provides an overview of the major theoretical approaches in sociology, including functionalism, conflict theory, symbolic interactionism, and feminism."
235,SOC301,Research Methods in Sociology,2216,17,3,"This course covers the methods and techniques used in sociological research, including surveys, interviews, participant observation, and content analysis."
236,SOC401,Social Inequality,3116,17,3,"This course examines the causes and consequences of social inequality, including stratification by race, gender, class, and other dimensions of difference."
237,SOC501,Globalization and Society,2712,17,3,"This course examines the social and cultural dimensions of globalization, including the impact of global economic, political, and cultural forces on local communities and identities."
238,SOC601,Gender and Society,2712,17,3,"This course examines the social construction of gender and the ways in which gender influences social interaction, inequality, and identity."
239,SOC701,Race and Ethnic Relations,4625,17,3,"This course examines the social and historical roots of race and ethnic relations, including the causes and consequences of prejudice, discrimination, and inequality."
240,SOC801,Environmental Sociology,2216,17,3,"This course examines the social and cultural dimensions of environmental problems, including the impact of human activity on natural systems and the ways in which environmental issues are shaped by social and political forces."
241,SOC901,Social Movements,2586,17,3,"This course examines the dynamics of social movements, including the strategies and tactics used by activists to effect social and political change."
242,SOC1001,Medical Sociology,2586,17,3,"This course examines the social and cultural dimensions of health and illness, including the social construction of disease, the organization of health care systems, and the social determinants of health."
243,ARH101,Introduction to Art History,3150,18,3,This course provides a survey of the major art movements from prehistory to contemporary times. Students will learn about the formal and contextual elements of art and their relevance in different cultural contexts.
244,ARH201,Ancient Art,3497,18,3,"This course explores the art and architecture of ancient civilizations, including Mesopotamia, Egypt, Greece, and Rome. Students will learn about the symbolism and function of art in these societies."
245,ARH301,Medieval Art,3497,18,3,"This course examines the art and architecture of the Middle Ages, including the Romanesque and Gothic periods. Students will learn about the role of religion in shaping art during this time."
246,ARH401,Renaissance Art,3903,18,3,This course studies the art and architecture of the Renaissance in Italy and Northern Europe. Students will learn about the humanist ideals and the revival of classical antiquity that characterized this period.
247,ARH501,Baroque Art,3704,18,3,"This course explores the art and architecture of the Baroque period in Europe and the Americas. Students will learn about the dramatic style, grandeur, and theatricality that defined this era."
248,ARH601,Modern Art,3339,18,3,"This course examines the art movements of the late 19th and 20th centuries, including Impressionism, Expressionism, Cubism, Surrealism, and Abstract Expressionism. Students will learn about the social, political, and cultural contexts of modern art."
249,ARH701,Contemporary Art,3150,18,3,"This course studies the art movements of the post-World War II period to the present, including Pop Art, Minimalism, Conceptual Art, and Installation Art. Students will learn about the relationship between contemporary art and society."
250,ARH801,Art Criticism and Theory,3150,18,3,"This course provides an overview of the major approaches to art criticism and theory, including formalism, Marxism, feminism, postmodernism, and psychoanalysis. Students will learn about the critical frameworks that shape the interpretation and analysis of art."
251,ARH901,Art Conservation and Restoration,3339,18,3,"This course introduces students to the principles and practices of art conservation and restoration. Students will learn about the methods used to preserve, repair, and restore art objects, as well as the ethical considerations involved in these processes."
252,DRAMA101,Introduction to Acting,4084,19,3,"This course is an introduction to the fundamentals of acting, including vocal and physical techniques, script analysis, and character development. Students will explore various methods and techniques used in contemporary theater, television, and film."
253,DRAMA201,Theater History,49,19,3,"This course provides an overview of the history of theater from ancient Greece to the present day. Students will study the evolution of theater as an art form, focusing on major movements, playwrights, and theatrical styles."
254,DRAMA301,Stage Design,2998,19,3,"This course introduces students to the principles and techniques of stage design, including set design, lighting, and sound. Students will explore the creative process of designing for live performance and gain hands-on experience with various design tools and software."
255,DRAMA401,Shakespearean Performance,2277,19,3,"This course focuses on the performance of Shakespearean plays, with an emphasis on language, text, and interpretation. Students will work on scenes and monologues from a variety of Shakespearean plays and gain an understanding of the historical and cultural context in which these works were written."
256,DRAMA501,Directing for the Stage,4493,19,3,"This course is an introduction to the art of directing for the theater, including script analysis, casting, rehearsal techniques, and blocking. Students will explore the role of the director in shaping a production and develop their own directorial skills through practical exercises and projects."
257,DRAMA601,Contemporary Theater,2277,19,3,"This course examines the major trends and movements in contemporary theater, including avant-garde, experimental, and political theater. Students will explore the works of contemporary playwrights and gain an understanding of the current state of theater as an art form."
258,DRAMA701,The Business of Theater,1746,19,3,"This course provides an overview of the business side of the theater industry, including funding, producing, marketing, and management. Students will gain an understanding of the various roles and responsibilities involved in producing a successful theatrical production."
259,DRAMA801,Musical Theater Performance,2998,19,3,"This course focuses on the performance of musical theater, including singing, dancing, and acting. Students will work on scenes and songs from a variety of musicals and gain an understanding of the unique challenges and opportunities presented by this art form."
260,FILM101,Introduction to Film Studies,4794,20,3,"This course is an introduction to the study of film, including film history, film theory, and film analysis. Students will learn how to analyze films, and will be introduced to the key concepts and terminology used in film studies."
261,FILM201,History of World Cinema,3221,20,3,"This course provides an overview of the history of cinema around the world. Students will study the major movements and trends in cinema, and will learn how film has developed as an art form."
262,FILM301,Screenwriting,2623,20,3,"This course focuses on the art of screenwriting, including character development, dialogue, and plot structure. Students will learn how to write a screenplay, and will receive feedback on their work."
263,FILM401,Film Production,3221,20,4,"This course is an introduction to the process of making a film, from pre-production to post-production. Students will learn how to write a script, cast actors, and work with a crew to shoot and edit a film."
264,FILM501,Film Theory,1983,20,3,"This course provides an in-depth examination of film theory, including the major schools of thought in film studies and the key debates and controversies in the field. Students will read and discuss seminal works in film theory."
265,FILM601,Film Criticism,1983,20,3,"This course focuses on the art of film criticism, including the techniques and strategies used by film critics to analyze and evaluate films. Students will read and write film reviews, and will learn how to develop their own critical voice."
266,MUSIC101,Introduction to Music Theory,2944,21,3,"This course provides an introduction to the basic principles of music theory, including rhythm, melody, harmony, and form. Students will learn to read and write music notation, analyze musical structures, and develop their aural skills through exercises and listening assignments."
267,MUSIC102,Music History I: Antiquity to Baroque,259,21,3,"This course surveys the development of Western music from ancient times through the Baroque period. Topics include the music of ancient Greece and Rome, medieval chant and polyphony, Renaissance vocal and instrumental music, and the emergence of opera and other Baroque genres."
268,MUSIC103,Music History II: Classical and Romantic,2944,21,3,"This course surveys the development of Western music from the Classical era through the Romantic period. Topics include the music of Haydn, Mozart, and Beethoven, the rise of the symphony and the concerto, the emergence of the virtuoso performer, and the music of Schubert, Berlioz, Wagner, and Brahms."
269,MUSIC104,World Music,1114,21,3,"This course provides an introduction to the musical traditions of cultures around the world. Topics include music of Africa, Asia, the Middle East, Latin America, and indigenous cultures of the Americas and Australia. Students will explore the social, cultural, and historical contexts of these musical practices."
270,MUSIC105,Jazz History,2046,21,3,"This course traces the history of jazz from its origins in the early 20th century to the present day. Topics include the music of New Orleans, the rise of swing and big band jazz, bebop and its successors, the fusion era, and contemporary jazz styles. Students will explore the cultural, social, and political contexts of jazz."
271,MUSIC106,Music and Technology,2944,21,3,"This course explores the intersection of music and technology, from the development of musical instruments to the use of computers and digital audio workstations in composition and production. Topics include acoustics, MIDI, sampling, synthesis, and music software applications."
272,MUSIC107,Music and Society,259,21,3,"This course examines the role of music in society, both historically and in contemporary culture. Topics include music as a form of expression and communication, the relationship between music and politics, the impact of technology on musical production and distribution, and the social and cultural implications of musical style and genre."
273,MUSIC108,Music Performance,2944,21,3,"This course provides practical training in music performance, with an emphasis on developing technical proficiency, interpretive skills, and stage presence. Students will have opportunities to perform in a variety of musical styles and contexts, including solo and ensemble performance."
274,ARC101,Introduction to Architecture,3153,22,3,"This course provides an overview of the fundamental principles and elements of architecture, including design theory, history, and current practices. Students will learn how to analyze and evaluate buildings, and develop an understanding of the creative and technical aspects of architecture."
275,ARC201,Architectural Design Studio I,338,22,4,"This studio course focuses on the design of small-scale architectural projects, including residential and commercial buildings. Students will learn to develop design concepts, create schematic drawings, and produce 3D models of their designs using computer-aided design software."
276,ARC301,Architectural Design Studio II,4428,22,4,"In this advanced studio course, students will design more complex buildings and explore the integration of various building systems, such as mechanical, electrical, and structural. Emphasis will be placed on sustainability and energy efficiency in building design."
277,ARC401,Architectural History,3604,22,3,"This course provides an overview of the history of architecture, including the development of architectural styles and movements from ancient times to the present day. Students will learn to analyze and interpret architectural works within their historical, social, and cultural contexts."
278,ARC501,Building Technology,4428,22,3,"This course focuses on the technical aspects of building design and construction, including materials and methods, building codes and regulations, and environmental and sustainability issues. Students will learn to design and specify building systems and assemblies, and to evaluate building performance."
279,ARC601,Architectural Professional Practice,3153,22,3,"This course provides an overview of the professional practice of architecture, including legal and ethical issues, business management, project management, and communication skills. Students will learn to prepare contracts, proposals, and project documents, and to communicate effectively with clients and stakeholders."
280,ARC701,Architectural Design Studio III,3604,22,4,"This advanced studio course focuses on the design of large-scale and complex architectural projects, such as institutional and civic buildings. Emphasis will be placed on the integration of building systems, sustainability, and social and cultural contexts."
281,ARC801,Digital Tools for Architecture,1629,22,3,"This course focuses on the use of digital tools in architectural design and representation, including computer-aided design software, digital modeling, and visualization techniques. Students will learn to create digital models, renderings, and animations of architectural designs."
282,ARC901,Architectural Thesis,3604,22,6,"This course is the culmination of the architecture program and requires students to develop a comprehensive design project that demonstrates their mastery of the principles and techniques of architecture. Students will conduct research, develop design proposals, and present their work in oral and written formats."
283,ES 101,Introduction to Environmental Studies,1443,23,3,"An introduction to the study of the environment, including the natural and social sciences, and humanities perspectives. The course covers the environmental issues and challenges we face and the approaches to address them."
284,ES 201,Environmental Science,1443,23,3,"This course covers the fundamental principles of environmental science, including the structure and function of ecosystems, the cycling of matter and energy, and human impacts on the environment. Students will learn about the scientific methods and tools used to study environmental problems."
285,ES 301,Sustainability and the Built Environment,3090,23,3,"This course explores the relationship between sustainability and the built environment. Topics include green building design, sustainable transportation, and sustainable urban planning. Students will learn about the social, economic, and environmental aspects of sustainability in the built environment."
286,ES 401,Environmental Policy and Law,2917,23,3,"This course covers the policy and legal frameworks that govern environmental protection and management. Topics include international agreements, federal and state regulations, and the role of courts in environmental law. Students will learn about the political and social factors that shape environmental policy."
287,ES 501,Climate Change,2917,23,3,"This course covers the science, impacts, and responses to climate change. Students will learn about the causes of climate change, the potential impacts on natural and human systems, and the policies and strategies to mitigate and adapt to the effects of climate change."
288,ES 601,Environmental Ethics,1443,23,3,"This course explores the ethical issues surrounding the environment and our interactions with it. Students will learn about the different ethical frameworks used to analyze environmental issues, including anthropocentrism, biocentrism, and ecocentrism. The course will cover topics such as environmental justice, sustainable development, and animal rights."
289,ES 701,Environmental Health,1443,23,3,"This course covers the relationship between the environment and human health. Topics include exposure to environmental pollutants, occupational hazards, and the impacts of climate change on human health. Students will learn about the scientific methods used to assess and manage environmental health risks."
290,ES 801,Environmental Economics,2917,23,3,"This course covers the economic principles and tools used to analyze environmental problems. Topics include market-based approaches to environmental regulation, cost-benefit analysis, and environmental valuation. Students will learn about the role of economic incentives and the limitations of the market in addressing environmental challenges."
291,ES 901,Biodiversity and Conservation,1443,23,3,"This course covers the science and practice of biodiversity conservation. Topics include the drivers of biodiversity loss, the importance of ecosystem services, and the tools and strategies used to conserve biodiversity."
292,JOURN101,Introduction to Journalism,2835,24,3,"An introductory course that covers the basic principles and practices of journalism. Topics include news writing, reporting, interviewing, and ethics."
293,JOURN201,News Writing and Reporting,4061,24,3,"A course that focuses on news writing and reporting, including researching, interviewing, and writing news stories for various platforms, such as print, online, and broadcast."
294,JOURN301,Investigative Journalism,3186,24,3,"A course that covers the skills and techniques required for investigative journalism, including researching, interviewing, and analyzing data to uncover and report on stories of public interest."
295,JOURN401,Multimedia Journalism,3541,24,3,"A course that explores the use of multimedia tools, such as video, audio, and graphics, in journalism. Students will learn how to produce multimedia stories for various platforms."
296,JOURN501,Digital Journalism,1045,24,3,"A course that covers the principles and practices of digital journalism, including writing for the web, using social media, and producing online multimedia content."
297,JOURN601,Broadcast Journalism,3173,24,3,"A course that focuses on the principles and practices of broadcast journalism, including news gathering, writing, and reporting for television and radio."
298,JOURN701,Journalism Ethics and Law,2835,24,3,"A course that covers the legal and ethical issues facing journalists, including freedom of speech, libel, and privacy. Students will examine case studies and apply ethical principles to real-world scenarios."
299,JOURN801,International Journalism,3581,24,3,"A course that explores the principles and practices of international journalism, including reporting on global issues and cross-cultural communication."
300,JOURN901,Data Journalism,4061,24,3,"A course that covers the use of data and technology in journalism. Students will learn how to collect, analyze, and visualize data to report on stories."
301,JOURN1001,Sports Journalism,3541,24,3,"A course that focuses on sports reporting, including writing game stories, feature articles, and columns. Students will also learn about the business side of sports journalism."
302,EDU101,Introduction to Education,4131,25,3,"This course introduces students to the field of education, including its history, theories, and practices. Topics covered include educational philosophy, learning and teaching styles, and the social and political context of education."
303,EDU201,Child Development,3956,25,3,"This course examines the physical, cognitive, and socio-emotional development of children from infancy through adolescence. Students will learn about developmental theories and research, and explore how these theories can be applied in educational settings."
304,EDU301,Curriculum Design and Instructional Strategies,4128,25,3,"This course focuses on the design and development of effective curriculum and instructional strategies. Students will learn about educational objectives, assessment tools, and best practices in curriculum design and instruction."
305,EDU401,Special Education,59,25,3,"This course explores the education of students with disabilities, including legal and ethical issues, assessment and diagnosis, and instructional strategies for students with a range of disabilities."
306,EDU501,Educational Technology,4780,25,3,"This course explores the use of technology in education, including hardware and software, instructional design, and assessment tools. Students will learn how to effectively integrate technology into their teaching practice."
307,EDU601,Educational Leadership,829,25,3,"This course focuses on leadership and management in educational settings. Students will learn about leadership styles, organizational behavior, and strategic planning in education."
308,EDU701,Multicultural Education,59,25,3,"This course explores issues related to diversity and multiculturalism in education, including cultural awareness, cultural sensitivity, and the development of inclusive classrooms and educational environments."
309,EDU801,Educational Research Methods,3956,25,3,"This course introduces students to research methods used in the field of education. Topics covered include quantitative and qualitative research methods, data collection and analysis, and research ethics."
310,EDU901,Assessment and Evaluation,4489,25,3,"This course focuses on assessment and evaluation methods used in education. Students will learn about different types of assessments, including formative and summative assessments, and explore how to effectively use assessment data to inform instruction."
311,EDU1001,Educational Policy and Reform,4128,25,3,"This course examines educational policy and reform efforts at the local, state, and national level. Students will learn about the political and social forces that shape education policy, and explore current debates in the field."
312,NURS 101,Introduction to Nursing Practice,4146,26,3,"This course provides an overview of the nursing profession and the basic knowledge and skills needed to provide safe and effective care to patients. Students will learn about the roles and responsibilities of nurses, ethical and legal issues in nursing, communication and documentation, and the nursing process."
313,NURS 201,Health Assessment and Promotion,1524,26,3,"This course focuses on the physical, mental, and social assessment of patients across the lifespan. Students will learn about the various assessment techniques used in nursing, including interviewing, physical examination, and diagnostic tests. They will also learn about health promotion and disease prevention strategies."
314,NURS 301,Pathophysiology and Pharmacology,4146,26,4,"This course covers the basic concepts of pathophysiology and pharmacology. Students will learn about the etiology, signs and symptoms, and treatments of common diseases and disorders. They will also learn about the mechanisms of action, side effects, and interactions of drugs commonly used in nursing practice."
315,NURS 401,Medical-Surgical Nursing,4185,26,5,"This course focuses on the care of adult patients with acute and chronic medical-surgical conditions. Students will learn about the assessment, diagnosis, planning, implementation, and evaluation of nursing care for patients with respiratory, cardiovascular, gastrointestinal, renal, and endocrine disorders. They will also learn about pain management, wound care, and infection control."
316,NURS 501,Nursing Leadership and Management,4146,26,3,"This course covers the principles of leadership and management in nursing. Students will learn about the different leadership styles, communication and conflict resolution skills, and the process of delegating tasks. They will also learn about the legal and ethical issues related to nursing management, quality improvement, and patient safety."
317,PH 101,Introduction to Public Health,516,27,3,"An introduction to the basic principles and concepts of public health, including an overview of the history, organization, and functions of public health systems. Topics include the determinants of health, epidemiology, environmental health, health promotion, disease prevention, and health policy and management."
318,PH 201,Epidemiology,2319,27,3,"An introduction to the principles and methods of epidemiology, including the study of the distribution and determinants of health and disease in human populations. Topics include the measurement of health status, risk factors for disease, study design and analysis, and the interpretation and application of epidemiologic data in public health practice."
319,PH 301,Environmental Health,2162,27,3,"An examination of the relationship between human health and the environment, including the assessment and control of environmental hazards. Topics include air and water pollution, toxicology, occupational health and safety, and the impact of climate change on public health."
320,PH 401,Health Policy and Management,2633,27,3,"An analysis of the policy and management issues that influence the organization and delivery of health services. Topics include the structure and financing of health care systems, health care quality and safety, health care reform, and the role of government and other stakeholders in health policy and management."
321,PH 501,Global Health,2292,27,3,"An exploration of the major public health issues facing the world's population, including infectious diseases, non-communicable diseases, and environmental and social determinants of health. Topics include the role of international organizations, global health governance, and strategies for addressing global health challenges."
322,PH 601,Biostatistics,1391,27,3,"An introduction to the principles and methods of statistical analysis in public health research, including the use of probability theory, hypothesis testing, and regression analysis. Topics include the design and analysis of clinical trials, sample size determination, and the interpretation and reporting of statistical findings."
323,PH 701,Community Health,3756,27,3,"An examination of the factors that influence the health of communities, including social, economic, and environmental determinants. Topics include community-based participatory research, community health assessment, program planning and evaluation, and the development of community-based interventions to promote health and prevent disease."
324,PH 801,Infectious Disease Epidemiology,3756,27,3,"An in-depth analysis of the epidemiology of infectious diseases, including the biology of infectious agents, the modes of transmission, and the control and prevention of infectious disease outbreaks. Topics include the history of infectious diseases, the global burden of infectious diseases, and the role of vaccination and other interventions in infectious disease control."
325,LAW 101,Introduction to Law,3395,28,3,"This course provides an overview of the legal system and introduces students to key legal concepts and principles. Topics include sources of law, legal institutions, legal reasoning and analysis, and the role of lawyers in society."
326,LAW 201,Contracts,3395,28,3,"This course covers the law of contracts, including formation, performance, and enforcement. Students will learn about contract formation, defenses to contract formation, interpretation of contracts, performance and breach, remedies for breach of contract, and more."
327,LAW 301,Torts,3633,28,3,"This course covers the law of torts, including negligence, intentional torts, and strict liability. Students will learn about the elements of each tort, defenses to tort liability, damages, and more."
328,LAW 401,Criminal Law,3018,28,3,"This course covers the basics of criminal law, including the elements of various crimes, defenses to criminal charges, and sentencing. Topics may include murder, assault, theft, and more."
329,LAW 501,Constitutional Law,525,28,3,"This course covers the U.S. Constitution and its interpretation by the courts. Students will learn about the structure of the federal government, individual rights, and the role of the courts in interpreting and enforcing the Constitution."
330,LAW 601,Property Law,525,28,3,"This course covers the law of property, including the acquisition, use, and transfer of real and personal property. Topics may include estates and trusts, landlord-tenant law, and more."
331,LAW 701,Evidence,4834,28,3,"This course covers the law of evidence, including the rules governing the admissibility of evidence in court. Topics may include hearsay, character evidence, expert testimony, and more."
332,LAW 801,Administrative Law,3633,28,3,"This course covers the law of administrative agencies, including their structure, powers, and procedures. Topics may include the delegation of powers, the rulemaking process, and the role of the courts in reviewing agency decisions."
333,LAW 901,International Law,1942,28,3,"This course covers the basics of international law, including its sources, its relationship to domestic law, and its role in global governance. Topics may include human rights, international trade, and the law of armed conflict."
